{
  "by_tf": {
    "M5": {
      "base_acc": 0.4658183867029768,
      "imp_acc_full": 0.487377729086783,
      "n": 63894,
      "n_full": 63895,
      "cov_full": 1.0,
      "coef": {
        "bias": 0.1285,
        "slope_sign": -0.0284,
        "rsi_pull": -0.2,
        "rsi_z": -0.2457,
        "div": 0.4109,
        "trend_strength": 0.0088,
        "ts*slope": 0.0385,
        "rsi_z*1{H1}": 0.0
      },
      "intercept": -0.0946,
      "applied_acc": 0.5401531513842529,
      "applied_cov": 0.23912669222943891,
      "applied_n": 15279
    },
    "M15": {
      "base_acc": 0.4990895896556274,
      "imp_acc_full": 0.518643620530413,
      "n": 37895,
      "n_full": 37895,
      "cov_full": 1.0,
      "coef": {
        "bias": -0.0365,
        "slope_sign": -0.0481,
        "rsi_pull": 0.0773,
        "rsi_z": -0.0246,
        "div": -0.1631,
        "trend_strength": 0.0086,
        "ts*slope": -0.059,
        "rsi_z*1{H1}": 0.0
      },
      "intercept": -0.0617,
      "applied_acc": 0.5480091613812544,
      "applied_cov": 0.2995645863570392,
      "applied_n": 11352
    },
    "H1": {
      "base_acc": 0.520110847189232,
      "imp_acc_full": 0.5463781501517351,
      "n": 37890,
      "n_full": 37895,
      "cov_full": 1.0,
      "coef": {
        "bias": 0.1763,
        "slope_sign": 0.0268,
        "rsi_pull": -0.0945,
        "rsi_z": -0.0763,
        "div": 0.1847,
        "trend_strength": -0.0829,
        "ts*slope": -0.0432,
        "rsi_z*1{H1}": -0.0763
      },
      "intercept": 0.1193,
      "applied_acc": 0.5872606774668631,
      "applied_cov": 0.21501517350573954,
      "applied_n": 8148
    }
  },
  "overall": {
    "base": 0.48957251984908257,
    "improved_full": 0.5118659841786878,
    "n": 139679
  },
  "applied_overall": {
    "acc": 0.5537537019465769,
    "cov": 0.24898163725525288,
    "n": 34779
  },
  "m5_horizon": {
    "12": {
      "base": 0.44618266978922716,
      "imp": 0.4750277122917675
    },
    "48": {
      "base": 0.4901387185052373,
      "imp": 0.5222622399068934
    }
  }
}