{
  "original": {
    "A": {
      "base": 0.4856474279712284,
      "imp": 0.5036761284318287,
      "n": 75215
    },
    "Arev": {
      "base": 0.4941519560698663,
      "imp": 0.5224290367612843,
      "n": 64470
    },
    "B": {
      "base": 0.4865354800238521,
      "imp": 0.5012760882528324,
      "n": 41925
    },
    "ALL_OOS": {
      "base": 0.48957251984908257,
      "imp": 0.5123313168915775,
      "n": 139685
    }
  },
  "leak_free": {
    "A": {
      "base": 0.4849294669804422,
      "imp": 0.503064548294888,
      "n": 75215
    },
    "Arev": {
      "base": 0.4941442908775032,
      "imp": 0.5231270358306189,
      "n": 64470
    },
    "B": {
      "base": 0.486654740608229,
      "imp": 0.5015861657722123,
      "n": 41925
    },
    "ALL_OOS": {
      "base": 0.4891824169530355,
      "imp": 0.5123241579267638,
      "n": 139685
    }
  }
}