{
  "features": [
    "bias",
    "slope_sign",
    "rsi_pull",
    "rsi_z",
    "div",
    "trend_strength",
    "ts*slope",
    "rsi_z*1{H1}"
  ],
  "M5": {
    "intercept_up": 1.38633,
    "weights_up": [
      0.00674,
      -0.01505,
      -0.0544,
      -0.05955,
      0.07935,
      -0.00745,
      -0.00086,
      0.0
    ],
    "intercept_dn": 1.44819,
    "weights_dn": [
      0.01486,
      0.03619,
      0.09146,
      0.03301,
      -0.02501,
      -0.00517,
      -0.01989,
      0.0
    ],
    "up_med": 2.914,
    "dn_med": 3.182,
    "up_mean": 4.233,
    "dn_mean": 4.613,
    "turn_up": 0.417,
    "turn_dn": 0.479,
    "floor": 0.6,
    "cap": 9.0,
    "H": 48,
    "n": 63583,
    "_val": {
      "mae_up_model": 2.8924229921132394,
      "mae_up_const": 2.895649951708392,
      "mae_dn_model": 3.107373394192091,
      "mae_dn_const": 3.1086756894180727,
      "improve_up": 0.003226959595152241,
      "improve_dn": 0.001302295225981732,
      "n": 63583
    }
  },
  "M15": {
    "intercept_up": 1.28566,
    "weights_up": [
      0.02361,
      -0.00436,
      0.02164,
      -0.00743,
      -0.11097,
      -0.0067,
      -0.01265,
      0.0
    ],
    "intercept_dn": 1.54396,
    "weights_dn": [
      0.02279,
      -0.01519,
      -0.08358,
      -0.0802,
      0.17337,
      -0.01944,
      0.02349,
      0.0
    ],
    "up_med": 2.595,
    "dn_med": 3.696,
    "up_mean": 3.486,
    "dn_mean": 4.698,
    "turn_up": 0.375,
    "turn_dn": 0.521,
    "floor": 0.6,
    "cap": 9.0,
    "H": 48,
    "n": 37583,
    "_val": {
      "mae_up_model": 2.2932076549416145,
      "mae_up_const": 2.2967343460170464,
      "mae_dn_model": 2.92706152191955,
      "mae_dn_const": 2.9389622074143054,
      "improve_up": 0.003526691075431883,
      "improve_dn": 0.011900685494755573,
      "n": 37583
    }
  },
  "H1": {
    "intercept_up": 1.35901,
    "weights_up": [
      0.04188,
      -0.00567,
      0.00347,
      0.00023,
      0.0001,
      -0.01792,
      -0.00219,
      0.00023
    ],
    "intercept_dn": 1.42754,
    "weights_dn": [
      -0.01466,
      -0.02648,
      0.01217,
      0.00647,
      -0.07956,
      -0.00255,
      0.00779,
      0.00647
    ],
    "up_med": 2.79,
    "dn_med": 3.243,
    "up_mean": 3.813,
    "dn_mean": 4.174,
    "turn_up": 0.438,
    "turn_dn": 0.479,
    "floor": 0.6,
    "cap": 9.0,
    "H": 48,
    "n": 37583,
    "_val": {
      "mae_up_model": 2.5231077529926904,
      "mae_up_const": 2.5234906734759743,
      "mae_dn_model": 2.650763824256888,
      "mae_dn_const": 2.6488064778808527,
      "improve_up": 0.00038292048328395086,
      "improve_dn": -0.0019573463760353483,
      "n": 37583
    }
  }
}