{
  "M5": {
    "n": 63583,
    "H": 48,
    "up_med": 2.914081444336522,
    "up_mean": 4.23295742582689,
    "up_p25": 1.2875476818399214,
    "up_p75": 5.6906074812002005,
    "up_p90": 9.098968508635748,
    "dn_med": 3.181528252758004,
    "dn_mean": 4.612757248350276,
    "dn_p25": 1.4817166349166384,
    "dn_p75": 6.027406007954486,
    "dn_p90": 10.281021064492316,
    "kup_med": 20.0,
    "kdn_med": 23.0,
    "both_med": 5.651356071944575
  },
  "M15": {
    "n": 37583,
    "H": 48,
    "up_med": 2.5954195017111363,
    "up_mean": 3.485675783374892,
    "up_p25": 1.1465544557228988,
    "up_p75": 4.7105418503893235,
    "up_p90": 7.075947571302538,
    "dn_med": 3.695952975344783,
    "dn_mean": 4.697577563087427,
    "dn_p25": 1.6939839534897507,
    "dn_p75": 6.423226400608666,
    "dn_p90": 9.68602085569119,
    "kup_med": 18.0,
    "kdn_med": 25.0,
    "both_med": 5.414111249368839
  },
  "H1": {
    "n": 37583,
    "H": 48,
    "up_med": 2.790447219252349,
    "up_mean": 3.812939560241539,
    "up_p25": 1.256341790693209,
    "up_p75": 5.2781819303988655,
    "up_p90": 8.292521893545102,
    "dn_med": 3.2429119414885674,
    "dn_mean": 4.17350174762448,
    "dn_p25": 1.4755725677137916,
    "dn_p75": 5.751693750329883,
    "dn_p90": 8.703037334294207,
    "kup_med": 21.0,
    "kdn_med": 23.0,
    "both_med": 5.430703898085025
  }
}